customer_id,customer_name,email,phone,address
1,Melinda Foster,melissa74@kennedy.biz,001-564-931-4894x422,"859 Scott Orchard Suite 010, Millerside, CA 82839"
2,Shannon Stephens,mariadavis@green-hart.com,672-154-4715x33402,"USCGC Thomas, FPO AP 44020"
3,Andrew Leonard,usmith@hotmail.com,096-951-5383x2041,"20836 James Road Suite 241, Allenmouth, SD 76968"
4,James White,haleyerika@valentine.net,490-809-0549,"4272 Andrea Shores Apt. 673, New Ericaton, TN 98947"
5,Jonathan Davis,william35@bell.org,207-398-2886x243,"315 Jason Cove, West Christinaland, VT 04686"
6,Elizabeth Wagner,longaustin@gonzalez-taylor.net,694.804.3466x358,"46040 Collins Mews, East Terriville, AL 39609"
7,Tammy Dixon,bbeck@howell-bishop.com,253-041-7481,"610 Rhodes Coves, West Lori, TX 27712"
8,Nicholas Mills,yesenia90@jacobs.com,(392)411-6664x16361,"9143 Alvarado Gateway Suite 494, Lake Robert, IN 42001"
9,Christopher Torres,adrienne27@gmail.com,887.171.0298,"49443 Luna Fords, Lake Karenburgh, WV 48314"
10,Roy Wilson,emily73@yahoo.com,(905)979-4261x038,"12384 Stephen Junction Suite 107, Moralesstad, TX 98308"
11,Aaron Smith,ochoamichael@hotmail.com,+1-138-725-8956,"73358 Hawkins Isle Apt. 117, New Stephenside, IA 96975"
12,Jason Horne,qweber@gmail.com,+1-193-289-8718x58152,"3061 Fuentes Manors, South Jasmine, AK 63649"
13,Patrick Miller,bradleyrachel@short.biz,(563)090-6339,"0814 Fry Viaduct, Gregoryhaven, LA 11735"
14,Melanie Nichols,virginia69@saunders.info,(857)868-3425x1899,"7869 Denise Crest Suite 677, Colemanton, WY 42677"
15,John King,maria87@conway-joseph.com,8750858472,"08789 Joseph Land Suite 488, Brianhaven, PA 19740"
16,David Estes,dominiquedurham@hotmail.com,343-451-2183,"988 Wright Meadows Suite 751, Lake Kevinhaven, ID 06342"
17,Kevin Butler,jordanthomas@yahoo.com,896-766-9599x0592,"26377 Young Village, New Raymondchester, ME 64686"
18,Luis Scott,alexanderchandler@king.com,+1-348-662-3488x38853,"496 Cole Springs Suite 730, Brandonville, ND 24788"
19,Linda Simmons,emilycline@wilson.net,502.374.8384x5582,"269 Smith Ranch, Higginstown, AR 22738"
20,Tina Flores,kbeck@lopez-wagner.biz,919.455.0785x69654,"5072 Diane Spur, Hancockside, TX 53932"
21,Katie Bishop,julie75@hotmail.com,767.452.3417,"987 Amy Burgs, Port Michele, MI 19329"
22,John Thomas,garciacynthia@hall.com,+1-509-550-9580x1435,"796 Mccann Walk Apt. 245, Brooksborough, MS 90840"
23,William Ramos,diazkelly@hotmail.com,845-121-2239x1984,"5475 Dickson Ville, East Shannon, AK 87691"
24,Michelle Ferguson,gwalsh@pierce.com,196.053.0808,"93484 Martinez Orchard Suite 828, Noahmouth, IA 82985"
25,Melissa Allison,gonzalezgabriella@martinez-newton.net,(121)227-9417,"7689 Danielle Parks, Susanmouth, NY 99645"
26,Cory Ruiz,fgonzales@rivera.com,506.305.1354,"090 Jones Flats Apt. 869, New Gabriela, AK 78245"
27,Mrs. Kimberly Welch,joshua71@hotmail.com,688-020-8166,"179 Taylor Club Apt. 490, Lake Brittneyside, MN 25352"
28,Deanna Gross,marshallstephanie@yahoo.com,643-874-1942x728,"8822 Campos Locks, Port Scott, UT 78570"
29,Pamela Rodriguez,zacharyjames@hotmail.com,858.834.9916x71425,"5571 Zachary Circle, North John, ND 02321"
30,Bryan Clark,georgetaylor@yahoo.com,(808)289-0554x386,"6210 Trevor Pine Suite 970, Mayershire, MA 34372"
31,Joshua Rogers,matthewtaylor@clarke.com,001-388-362-9560x97600,"46984 Melanie Station, New Neil, CA 11304"
32,Alisha Summers,jhernandez@chapman.net,+1-754-582-8611x30035,"618 Chavez Forest Apt. 863, Kellerburgh, GA 16768"
33,Steven Riley,bwilliams@ruiz-hall.info,4653185124,"63566 Emily Club, New Raymond, SC 91357"
34,Shane Cain,vernonorozco@nguyen-coleman.com,001-551-944-5732x496,"5807 Mitchell Expressway Suite 206, New Mary, GA 47418"
35,Timothy Scott,stevenstoni@hotmail.com,225.310.6486,"4610 Cooley Mission, North Rebeccafort, CA 89402"
36,Arthur Wood,brianlivingston@vega.com,959.652.8215,"10246 Mendoza Bridge, West Lindaborough, LA 74028"
37,Christopher Gillespie,grantdonald@carter-aguilar.com,(562)732-7820,"869 Johnson Inlet, Port Joshuaberg, MI 23707"
38,Troy Moore,ahenry@gmail.com,(222)986-7007,"21826 Owen Stream Suite 048, Christinaside, AK 55363"
39,Miranda Nixon,timothy03@hartman-baker.org,435-116-6097x1702,"605 Hicks Field, Riveramouth, CA 48018"
40,Martha Wright,kingvictor@dixon-miller.com,650.329.1841x1550,"30307 Griffith Locks, Randallfort, WI 07897"
41,Ronald Stephens,nzimmerman@avery.com,630.547.8625x040,"47554 Price Shoal Suite 263, New Christopher, ME 45840"
42,Jordan Morgan,eduardo04@yahoo.com,+1-534-088-0127x8087,"447 Allen Flats Suite 119, Lake Tammy, LA 07024"
43,Angela Johnson,christopherjames@hotmail.com,580-238-5887,"54860 Amy Cape, North Emilytown, KY 37967"
44,Lauren Henderson,wilsoncraig@hotmail.com,(675)849-4676x6994,"074 Robert Forks, Mcneilland, WV 52301"
45,Mark Peterson,josephjarvis@hotmail.com,(219)739-6854,"00383 Baker Dale, Meltonland, KY 36313"
46,Brian Clark,xcox@poole.com,(390)862-3501x23942,"16855 Williams Rapid, Lake Danielburgh, LA 98288"
47,Brittany Fernandez,rduncan@hotmail.com,(270)072-8225x49777,"949 Durham Highway, East Ryan, MD 05593"
48,Wendy Watkins,kaitlyn94@yahoo.com,499-718-9409x812,"898 Thomas Corners, Port Christopherfurt, OK 83392"
49,Terry Flowers,nicole09@hotmail.com,(290)403-8627,"53344 Fischer Forks Apt. 576, Valeriestad, AZ 78943"
50,Scott Wilson,alanfreeman@kramer.com,(768)004-4091,"6576 Collin Canyon Suite 515, Ramseytown, IN 73577"
51,Stephanie Potts,uadams@rangel-wright.com,(740)818-7531x237,"622 Karen Crescent, New Jasminemouth, NH 85887"
52,Brandon Hendrix,danielmejia@porter.com,325.204.7719x642,"46689 Tyler Views, Morganmouth, SD 18733"
53,Jason Alexander,rubenwood@gmail.com,146-416-9220x849,"9591 Wright Parks, Port Johntown, NH 53188"
54,Todd White,sortiz@gmail.com,0375328920,"7522 Hartman Keys, Robersonborough, NJ 55136"
55,Matthew Smith,allen51@clayton.org,001-520-252-3163,"640 Smith Via, West Alyssa, ID 27229"
56,Lisa Glover,christina44@baldwin-hughes.com,001-837-180-0300,"29237 Jennings Gardens, Juarezside, MT 68249"
57,Laura Davenport,ghamilton@gmail.com,(218)654-5161x249,"839 Denise Bypass Apt. 830, Thompsonhaven, SD 49351"
58,Mary Walker,smithandrew@gmail.com,651-485-3183,"158 Banks Rapid Suite 181, South Bradleyberg, WI 55829"
59,Robert Williamson,allenlaura@hotmail.com,+1-915-525-4722x09972,"PSC 5181, Box 8409, APO AA 40074"
60,Dale Torres,lbaker@kelley.com,642-730-6470,"005 Anne Squares, Tommyside, TX 65730"
61,Marcus Jackson,nicholsroy@yahoo.com,168.553.5828x72397,"610 Lopez Drive Apt. 633, Obrienton, LA 12734"
62,Matthew Pennington,bward@hotmail.com,046-870-9905x46943,"64788 Sara Wall, Port Johnbury, SC 71312"
63,Danny Shaw,martinsamantha@fletcher.biz,915-145-4327x691,"60561 Juan Pine, West Gregory, HI 10984"
64,Pamela Young,zwalker@russell-spears.biz,001-106-481-6515x771,"258 Garcia Plaza Suite 072, Cindyfort, OH 95060"
65,Kathleen Ramsey,david82@harris-owens.com,813-750-1720x49096,"5589 Lee Park Suite 889, Andreaberg, TN 93037"
66,Nicole Clarke,dickersonashley@gmail.com,462.222.1549x557,"USNS Rice, FPO AA 37354"
67,Michael Russell,qwilson@henderson.biz,(021)455-1703x0441,"979 Johnson Pike, West Meghanborough, TN 54556"
68,Denise Turner,imartin@hernandez.com,469.220.8515x3762,"055 Amanda Tunnel, Sarahfurt, UT 05195"
69,Glenn Wilson,duncantroy@fernandez.com,079.407.4440x422,"986 Crystal Streets, Wernerstad, ME 50411"
70,Logan Rodriguez,sawyerfranklin@moore-lyons.com,154.925.2974x500,"71152 Hoover Center Suite 897, North Cathy, NE 68164"
71,Austin Palmer,smithmorgan@yahoo.com,858-890-9933,"0491 Deborah Divide, Michaelberg, CA 70207"
72,Loretta Walker,xavier57@gmail.com,350-154-0216x78444,"80790 Sarah Corners Suite 313, New Richardmouth, MS 42588"
73,Beth Berg,amyhaley@gmail.com,(204)770-7493x0606,"Unit 7669 Box 6164, DPO AE 30840"
74,Crystal Cook,jennifer58@williams.com,+1-623-370-6832,"6855 John Hills, North Jessicabury, NJ 48492"
75,Shannon Webster,kennethmorton@donovan-hutchinson.com,(404)438-8739x370,"1947 Mann Drive Apt. 979, Jodiport, CA 53214"
76,Maria Woods,beckermelissa@wilson.com,301.468.9926,"1821 Vickie Grove Suite 489, Caseyville, CA 97948"
77,Charles Lynch,gabriellepope@reed.info,739-968-2857,"2536 Clements Union, Lake Danielle, MD 03334"
78,Emily Tyler,jli@hotmail.com,187-304-5281x39539,"98682 Pamela Point, North Cynthialand, KY 60801"
79,Jacob Alexander,scottbrooks@willis.net,565.988.4796x822,"7904 Anthony Track, East David, OK 90282"
80,Kristy Morris,phillipkelley@kelly.com,(020)565-2233x18636,"Unit 3352 Box 4787, DPO AA 62995"
81,Michael Blake,jenny72@yahoo.com,777-251-9796,"48349 Tiffany Lights Apt. 445, Singhchester, CO 10252"
82,Brittany Robinson,alvin65@norris.com,001-785-464-4457x2359,"PSC 5002, Box 4692, APO AP 37901"
83,Christopher Cisneros,justinjohnson@williams.com,(529)493-7960x66838,"056 Peters Curve, East Jose, SC 15358"
84,Monica Lowery,hallryan@hayden-doyle.org,+1-589-054-9934x4357,"39441 Cochran Radial, Jennifermouth, RI 82423"
85,Jennifer Johnson,william68@gmail.com,(224)250-2603,"579 Ortega Valleys Apt. 261, Doyleland, ME 92667"
86,Richard Walker,mariaellison@house.com,+1-988-015-7496,"472 Tommy Viaduct Apt. 450, West Devin, ME 68042"
87,Rebekah Ramirez,erikajohnson@gmail.com,+1-762-795-7638x1670,"2467 Gomez Views Apt. 350, Arroyotown, AR 69264"
88,Brittany Ford,andersondavid@hotmail.com,3590273801,"44340 Jeffrey Lights Suite 674, Singhmouth, NE 04171"
89,Ashley Taylor,rcruz@gmail.com,(551)430-5054x910,"32844 Campbell Shores Apt. 413, Mathewtown, LA 98194"
90,Brandi Perez,stantonlindsay@perez.com,6479548366,"37720 Angela Estates, Brucechester, MT 62570"
91,David Fisher,thomasyoung@gmail.com,311-580-2021x98706,"8915 Ronald Flats, West Lisastad, MI 93488"
92,Daniel Smith,tthomas@simpson.com,(722)917-7685x59511,"7163 Amanda Forks Apt. 100, Alexishaven, TN 37881"
93,Michael Matthews,alyssarasmussen@gmail.com,034-640-3248,"254 Brown Well, Brendaport, TN 99527"
94,Justin Miller,samuelluna@hess-jones.com,(941)938-7279x138,"909 Linda Ville, Port Natalie, AR 48902"
95,Steve Schwartz,vbaker@hotmail.com,904-861-2253,"45992 King Summit Suite 047, Williamtown, OH 84393"
96,Lauren Sandoval,jennifer77@valencia.com,001-959-417-7760x24269,"016 Davis Extensions Apt. 638, Shawnbury, AL 22566"
97,Patricia Calderon,qstone@yahoo.com,001-458-042-8151,"76164 Theresa Tunnel Apt. 576, South Tammybury, IN 91026"
98,Mark Horton,robertsbrent@yahoo.com,582.174.9329,"94059 Krause Drives Apt. 877, Port Mark, KS 56211"
99,Jennifer Lopez,amy60@powers.info,(988)638-4363,"4488 Weaver Crossing, West Jennyborough, GA 54206"
100,Patrick Castro Jr.,dcobb@yahoo.com,001-353-810-2862x0799,"908 Scott Way Suite 535, West Thomas, NJ 83709"
